{"categorias":[{"nombre":"Electronica","productos":[{"nombre":"iPhone 13","marca":"Apple","precio":999,"variantes":[{"color":"Negro","almacenamiento":"128GB","precio":999},{"color":"Blanco","almacenamiento":"64GB","precio":229}]},{"nombre":"Galaxy S21","marca":"Samsung","precio":799,"variantes":[{"color":"Azul","almacenamiento":"128GB","precio":999},{"color":"Rosa","almacenamiento":"64GB","precio":229}]}]},{"nombre":"Hogar","productos":[{"nombre":"Rumba","marca":"Samsung","precio":999,"variantes":[{"color":"Negro","almacenamiento":"12m2","precio":999},{"color":"Blanco","almacenamiento":"14m2","precio":229}]},{"nombre":"Lavadora","marca":"LG","precio":799,"variantes":[{"color":"Azul","almacenamiento":"4kg","precio":999},{"color":"Rosa","almacenamiento":"8kg","precio":229}]}]}]}